Units,Method,TStartVid,TEndVid,TStartAnalyst,TEndAnalyst
Unit 1,0,0,119,8,128
Unit 2,2,119,0,134,136
Unit 3,0,0,5,151,156
Unit 4,2,5,0,159,160
Unit 5,0,0,2,161,163
Unit 6,0,2,9,165,172
Unit 7,0,9,17,180,188
Unit 8,0,17,30,190,203
Unit 9,0,30,76,206,252
Unit 10,2,76,0,254,255
Unit 11,0,0,2,258,260
Unit 12,0,2,3,274,275
Unit 13,2,3,1,279,280
Unit 14,0,1,3,283,285
Unit 15,2,3,1,296,297
Unit 16,0,1,9,299,307
Unit 17,0,9,17,312,320
Unit 18,2,17,8,321,323
Unit 19,0,8,13,324,329
Unit 20,0,13,29,330,346
Unit 21,2,29,27,350,352
Unit 22,0,27,57,359,389
Unit 23,2,57,46,391,396
Unit 24,0,46,52,398,404
Unit 25,0,52,52,407,408
Unit 26,0,52,55,457,462
Unit 27,2,55,49,462,463
Unit 28,0,49,54,469,474
Unit 29,0,54,55,479,480
Unit 30,0,55,60,494,499
Unit 31,2,60,53,502,504
Unit 32,0,53,66,508,521
Unit 33,0,59,66,589,596
Unit 34,0,66,71,618,622
Unit 35,2,71,64,629,631
Unit 36,0,64,66,636,639
Unit 37,0,66,68,642,644
Unit 38,2,68,65,648,649
Unit 39,1,65,66,650,651
Unit 40,0,66,66,655,656
Unit 41,0,66,67,664,665
Unit 42,2,67,66,668,670
Unit 43,0,66,67,671,672
Unit 44,0,67,71,674,678
Unit 45,0,71,115,679,723
Unit 46,2,115,77,754,758
Unit 47,0,77,81,772,776
Unit 48,0,74,81,796,804
Unit 49,0,81,83,808,810
Unit 50,0,83,85,817,819
Unit 51,2,85,80,822,823
Unit 52,0,80,89,824,834
Unit 53,0,89,92,895,898
Unit 54,2,92,83,946,951
Unit 55,2,83,81,957,958
Unit 56,0,81,88,960,966
Unit 57,0,88,102,969,984
Unit 58,0,102,119,1026,1044
Unit 59,0,119,119,1109,1110
Unit 60,2,119,48,1114,1128
Unit 61,0,48,51,1130,1134
Unit 62,2,51,50,1149,1150
Unit 63,0,50,55,1167,1172
Unit 64,0,55,60,1176,1181
Unit 65,2,60,50,1184,1186
Unit 66,0,50,53,1188,1192
Unit 67,0,53,57,1219,1222
Unit 68,0,57,58,1224,1226
Unit 69,0,58,61,1237,1240
Unit 70,0,61,64,1243,1246
Unit 71,0,64,68,1259,1263
Unit 72,2,68,65,1269,1271
Unit 73,0,65,69,1276,1281
Unit 74,0,69,73,1285,1289
Unit 75,0,73,83,1295,1306
Unit 76,2,83,82,1308,1309
Unit 77,0,82,89,1311,1319
Unit 78,0,89,99,1327,1337
Unit 79,0,99,100,1345,1346
Unit 80,0,100,102,1367,1369
Unit 81,2,102,100,1372,1373
Unit 82,0,100,102,1376,1379
Unit 83,0,102,103,1385,1387
Unit 84,0,103,113,1417,1427
Unit 85,2,113,109,1431,1433
Unit 86,0,109,119,1434,1445
Unit 87,2,119,0,1462,1463
Unit 88,0,0,4,1539,1543
Unit 89,2,4,2,1546,1547
Unit 90,0,2,7,1571,1577
Unit 91,0,7,18,1582,1593
Unit 92,0,18,21,1595,1597
Unit 93,0,21,31,1621,1631
Unit 94,2,31,17,1667,1672
Unit 95,0,17,19,1707,1708
Unit 96,2,19,17,1712,1713
Unit 97,0,17,18,1717,1719
Unit 98,0,18,25,1721,1728
Unit 99,0,25,36,1730,1741
Unit 100,2,36,32,1743,1745
Unit 101,0,32,34,1746,1748
Unit 102,0,34,61,1750,1776
Unit 103,2,61,46,1779,1784
Unit 104,0,46,48,1787,1789
Unit 105,0,48,50,1831,1833
Unit 106,0,50,72,1847,1869
Unit 107,2,72,69,1874,1875
Unit 108,0,69,71,1881,1883
Unit 109,0,71,76,1936,1941
Unit 110,2,76,74,1945,1946
Unit 111,0,74,80,1947,1953
Unit 112,2,80,74,1958,1961
Unit 113,0,74,78,1964,1969
Unit 114,0,78,83,1974,1979
Unit 115,2,83,77,1982,1987
Unit 116,0,77,80,1995,1998
Unit 117,0,80,84,2010,2014
Unit 118,2,84,82,2017,2018
Unit 119,0,82,83,2019,2020
Unit 120,2,83,82,2025,2026
Unit 121,0,82,83,2030,2032
Unit 122,2,83,81,2034,2035
Unit 123,0,81,83,2037,2039
Unit 124,2,83,82,2042,2044
Unit 125,0,82,82,2048,2049
Unit 126,3,82,82,2050,2052
Unit 127,4,82,82,2052,2054
Unit 128,3,82,83,2054,2072
Unit 129,0,83,87,2073,2078
Unit 130,0,87,101,2105,2119
Unit 131,2,101,100,2122,2123
Unit 132,0,100,101,2125,2126
Unit 133,0,101,103,2145,2147
Unit 134,0,103,105,2165,2167
Unit 135,4,105,103,2168,2173
Unit 136,4,103,103,2175,2176
Unit 137,4,103,102,2178,2180
Unit 138,0,102,103,2182,2183
Unit 139,0,103,113,2186,2197
Unit 140,2,113,110,2203,2207
Unit 141,0,110,112,2216,2218
Unit 142,2,112,107,2221,2222
Unit 143,0,107,111,2225,2229
Unit 144,2,111,105,2232,2234
Unit 145,0,105,109,2235,2239
Unit 146,2,109,101,2250,2252
Unit 147,0,101,103,2309,2312
Unit 148,3,103,107,2313,2325
Unit 149,3,107,108,2330,2333
Unit 150,4,108,107,2336,2340
Unit 151,3,107,110,2344,2351
Unit 152,3,110,112,2354,2360
Unit 153,4,113,109,2362,2370
Unit 154,3,109,109,2374,2375
Unit 155,2,111,105,2378,2381
Unit 156,3,105,108,2382,2386
Unit 157,3,108,114,2400,2424
Unit 158,4,114,106,2426,2445
Unit 159,3,106,111,2447,2459
Unit 160,3,111,113,2468,2472
Unit 161,4,113,112,2473,2475
Unit 162,3,112,112,2475,2476
Unit 163,3,112,113,2490,2493
Unit 164,4,113,112,2494,2498
Unit 165,0,112,113,2501,2502
Unit 166,0,113,118,2510,2515
Unit 167,2,118,114,2518,2520
Unit 168,0,114,119,2524,2529
Unit 169,4,119,117,2533,2537
Unit 170,0,117,119,2550,2552
Unit 171,2,119,117,2556,2558
Unit 172,0,117,119,2562,2564
Unit 173,4,119,118,2570,2573
Unit 174,0,118,119,2575,2576
Unit 175,3,119,119,2578,2580
Unit 176,0,0,21,2581,2602
Unit 177,2,21,17,2605,2606
Unit 178,0,17,119,2613,2716