Analysts,Units,Method,TStartVid,TEndVid,TStartAnalyst,TEndAnalyst
Shirin Vossoughi,Unit 1,PLAY,0:00:00,0:01:59,0:00:42,0:02:42
Shirin Vossoughi,Unit 2,STILL,0:01:59,0:01:59,0:02:42,0:09:16
Shirin Vossoughi,Unit 3,PLAY,0:00:00,0:01:59,0:09:16,0:11:16
Shirin Vossoughi,Unit 4,STILL,0:01:59,0:01:59,0:11:16,0:12:12
Shirin Vossoughi,Unit 5,JREV,0:01:59,0:00:00,0:12:12,0:12:16
Shirin Vossoughi,Unit 6,PLAY,0:00:00,0:00:05,0:12:16,0:12:22
Shirin Vossoughi,Unit 7,STILL,0:00:05,0:00:05,0:12:22,0:12:55
Shirin Vossoughi,Unit 8,PLAY,0:00:05,0:00:17,0:12:55,0:13:07
Shirin Vossoughi,Unit 9,STILL,0:00:17,0:00:17,0:13:07,0:13:16
Shirin Vossoughi,Unit 10,PLAY,0:00:17,0:00:33,0:13:16,0:13:32
Shirin Vossoughi,Unit 11,STILL,0:00:33,0:00:33,0:13:32,0:14:07
Shirin Vossoughi,Unit 12,PLAY,0:00:33,0:00:36,0:14:07,0:14:10
Shirin Vossoughi,Unit 13,STILL,0:00:36,0:00:36,0:14:10,0:15:06
Shirin Vossoughi,Unit 14,PLAY,0:00:36,0:00:50,0:15:06,0:15:20
Shirin Vossoughi,Unit 15,STILL,0:00:50,0:00:50,0:15:20,0:15:23
Shirin Vossoughi,Unit 16,PLAY,0:00:50,0:00:55,0:15:23,0:15:28
Shirin Vossoughi,Unit 17,STILL,0:00:55,0:00:55,0:15:28,0:15:59
Shirin Vossoughi,Unit 18,PLAY,0:00:55,0:01:00,0:15:59,0:16:03
Shirin Vossoughi,Unit 19,STILL,0:01:00,0:01:00,0:16:03,0:16:20
Shirin Vossoughi,Unit 20,PLAY,0:01:00,0:01:01,0:16:20,0:16:21
Shirin Vossoughi,Unit 21,STILL,0:01:01,0:01:01,0:16:21,0:16:24
Shirin Vossoughi,Unit 22,PLAY,0:01:01,0:01:05,0:16:24,0:16:29
Shirin Vossoughi,Unit 23,STILL,0:01:05,0:01:05,0:16:29,0:16:36
Shirin Vossoughi,Unit 24,PLAY,0:01:05,0:01:07,0:16:36,0:16:38
Shirin Vossoughi,Unit 25,STILL,0:01:07,0:01:07,0:16:38,0:16:50
Shirin Vossoughi,Unit 26,PLAY,0:01:07,0:01:11,0:16:50,0:16:54
Shirin Vossoughi,Unit 27,STILL,0:01:11,0:01:11,0:16:54,0:17:19
Shirin Vossoughi,Unit 28,JREV,0:01:11,0:01:06,0:17:19,0:17:20
Shirin Vossoughi,Unit 29,PLAY,0:01:06,0:01:14,0:17:20,0:17:28
Shirin Vossoughi,Unit 30,STILL,0:01:14,0:01:14,0:17:28,0:17:41
Shirin Vossoughi,Unit 31,PLAY,0:01:14,0:01:17,0:17:41,0:17:44
Shirin Vossoughi,Unit 32,JREV,0:01:17,0:01:12,0:17:44,0:17:45
Shirin Vossoughi,Unit 33,PLAY,0:01:12,0:01:16,0:17:45,0:17:48
Shirin Vossoughi,Unit 34,STILL,0:01:16,0:01:16,0:17:48,0:18:25
Shirin Vossoughi,Unit 35,PLAY,0:01:16,0:01:19,0:18:25,0:18:29
Shirin Vossoughi,Unit 36,STILL,0:01:19,0:01:19,0:18:29,0:18:31
Shirin Vossoughi,Unit 37,JREV,0:01:19,0:01:16,0:18:31,0:18:32
Shirin Vossoughi,Unit 38,PLAY,0:01:16,0:01:19,0:18:32,0:18:34
Shirin Vossoughi,Unit 39,JREV,0:01:19,0:01:10,0:18:34,0:18:35
Shirin Vossoughi,Unit 40,PLAY,0:01:10,0:01:19,0:18:35,0:18:45
Shirin Vossoughi,Unit 41,STILL,0:01:19,0:01:19,0:18:45,0:19:33
Shirin Vossoughi,Unit 42,PLAY,0:01:19,0:01:23,0:19:33,0:19:37
Shirin Vossoughi,Unit 43,STILL,0:01:23,0:01:23,0:19:37,0:19:45
Shirin Vossoughi,Unit 44,JREV,0:01:23,0:01:05,0:19:45,0:19:47
Shirin Vossoughi,Unit 45,PLAY,0:01:05,0:01:08,0:19:47,0:19:50
Shirin Vossoughi,Unit 46,STILL,0:01:08,0:01:08,0:19:50,0:19:57
Shirin Vossoughi,Unit 47,PLAY,0:01:08,0:01:09,0:19:57,0:19:58
Shirin Vossoughi,Unit 48,STILL,0:01:09,0:01:09,0:19:58,0:20:03
Shirin Vossoughi,Unit 49,JREV,0:01:09,0:01:03,0:20:03,0:20:04
Shirin Vossoughi,Unit 50,PLAY,0:01:03,0:01:09,0:20:04,0:20:10
Shirin Vossoughi,Unit 51,STILL,0:01:09,0:01:09,0:20:10,0:20:21
Shirin Vossoughi,Unit 52,PLAY,0:01:09,0:01:22,0:20:21,0:20:34
Shirin Vossoughi,Unit 53,STILL,0:01:22,0:01:22,0:20:34,0:21:02
Shirin Vossoughi,Unit 54,JREV,0:01:22,0:01:21,0:21:02,0:21:03
Shirin Vossoughi,Unit 55,PLAY,0:01:21,0:01:25,0:21:03,0:21:07
Shirin Vossoughi,Unit 56,STILL,0:01:25,0:01:25,0:21:07,0:21:15
Shirin Vossoughi,Unit 57,PLAY,0:01:25,0:01:36,0:21:15,0:21:26
Shirin Vossoughi,Unit 58,STILL,0:01:36,0:01:36,0:21:26,0:21:33
Shirin Vossoughi,Unit 59,PLAY,0:01:36,0:01:44,0:21:33,0:21:41
Shirin Vossoughi,Unit 60,STILL,0:01:44,0:01:44,0:21:41,0:22:24
Shirin Vossoughi,Unit 61,PLAY,0:01:44,0:01:58,0:22:24,0:22:38
Shirin Vossoughi,Unit 62,STILL,0:01:58,0:01:58,0:22:38,0:23:40
Shirin Vossoughi,Unit 63,PLAY,0:01:58,0:01:59,0:23:40,0:23:41
Shirin Vossoughi,Unit 64,FREV,0:01:59,0:00:00,0:23:41,0:23:46
Shirin Vossoughi,Unit 65,STILL,0:00:00,0:00:00,0:23:46,0:24:56
Shirin Vossoughi,Unit 66,PLAY,0:00:00,0:00:06,0:24:56,0:25:03
Shirin Vossoughi,Unit 67,STILL,0:00:06,0:00:06,0:25:03,0:25:11
Shirin Vossoughi,Unit 68,PLAY,0:00:06,0:00:09,0:25:11,0:25:14
Shirin Vossoughi,Unit 69,STILL,0:00:09,0:00:09,0:25:14,0:25:21
Shirin Vossoughi,Unit 70,FREV,0:00:09,0:00:00,0:25:21,0:25:23
Shirin Vossoughi,Unit 71,PLAY,0:00:00,0:00:13,0:25:23,0:25:37
Shirin Vossoughi,Unit 72,FREV,0:00:13,0:00:00,0:25:37,0:25:40
Shirin Vossoughi,Unit 73,PLAY,0:00:00,0:00:08,0:25:40,0:25:48
Shirin Vossoughi,Unit 74,STILL,0:00:08,0:00:08,0:25:48,0:26:20
Shirin Vossoughi,Unit 75,PLAY,0:00:08,0:00:11,0:26:20,0:26:23
Shirin Vossoughi,Unit 76,STILL,0:00:11,0:00:11,0:26:23,0:26:33
Shirin Vossoughi,Unit 77,PLAY,0:00:11,0:00:24,0:26:33,0:26:46
Shirin Vossoughi,Unit 78,STILL,0:00:24,0:00:24,0:26:46,0:27:04
Shirin Vossoughi,Unit 79,PLAY,0:00:24,0:00:43,0:27:04,0:27:23
Shirin Vossoughi,Unit 80,STILL,0:00:43,0:00:43,0:27:23,0:27:28
Shirin Vossoughi,Unit 81,JREV,0:00:43,0:00:36,0:27:28,0:27:29
Shirin Vossoughi,Unit 82,PLAY,0:00:36,0:00:39,0:27:29,0:27:32
Shirin Vossoughi,Unit 83,JREV,0:00:39,0:00:33,0:27:32,0:27:33
Shirin Vossoughi,Unit 84,PLAY,0:00:33,0:00:57,0:27:33,0:27:57
Shirin Vossoughi,Unit 85,STILL,0:00:57,0:00:57,0:27:57,0:29:15
Shirin Vossoughi,Unit 86,PLAY,0:00:57,0:01:18,0:29:15,0:29:36
Shirin Vossoughi,Unit 87,STILL,0:01:18,0:01:18,0:29:36,0:29:48
Shirin Vossoughi,Unit 88,PLAY,0:01:18,0:01:31,0:29:48,0:30:01
Shirin Vossoughi,Unit 89,STILL,0:01:31,0:01:31,0:30:01,0:30:06
Shirin Vossoughi,Unit 90,PLAY,0:01:31,0:01:34,0:30:06,0:30:09
Shirin Vossoughi,Unit 91,STILL,0:01:34,0:01:34,0:30:09,0:31:34
Shirin Vossoughi,Unit 92,JREV,0:01:34,0:01:06,0:31:34,0:31:35
Shirin Vossoughi,Unit 93,PLAY,0:01:06,0:01:48,0:31:35,0:32:19
Shirin Vossoughi,Unit 94,STILL,0:01:48,0:01:48,0:32:19,0:32:28
Shirin Vossoughi,Unit 95,PLAY,0:01:48,0:01:55,0:32:28,0:32:36
Shirin Vossoughi,Unit 96,STILL,0:01:55,0:01:55,0:32:36,0:32:46
Shirin Vossoughi,Unit 97,PLAY,0:01:55,0:01:59,0:32:46,0:32:50
Shirin Vossoughi,Unit 98,JREV,0:01:59,0:01:38,0:32:50,0:32:51
Shirin Vossoughi,Unit 99,PLAY,0:01:38,0:01:59,0:32:51,0:33:12
Shirin Vossoughi,Unit 100,STILL,0:01:59,0:01:59,0:33:12,0:34:49
Shirin Vossoughi,Unit 101,FREV,0:01:59,0:00:00,0:34:49,0:34:50
Shirin Vossoughi,Unit 102,PLAY,0:00:00,0:00:45,0:34:50,0:35:35
Shirin Vossoughi,Unit 103,JREV,0:00:45,0:00:34,0:35:35,0:35:38
Shirin Vossoughi,Unit 104,PLAY,0:00:34,0:00:48,0:35:38,0:35:53
Shirin Vossoughi,Unit 105,STILL,0:00:48,0:00:48,0:35:53,0:36:16
Shirin Vossoughi,Unit 106,PLAY,0:00:48,0:01:07,0:36:16,0:36:36
Shirin Vossoughi,Unit 107,STILL,0:01:07,0:01:07,0:36:36,0:36:44
Shirin Vossoughi,Unit 108,JREV,0:01:07,0:00:50,0:36:44,0:36:45
Shirin Vossoughi,Unit 109,PLAY,0:00:50,0:01:13,0:36:45,0:37:08
Shirin Vossoughi,Unit 110,STILL,0:01:13,0:01:13,0:37:08,0:37:36
Shirin Vossoughi,Unit 111,JREV,0:01:13,0:01:06,0:37:36,0:37:37
Shirin Vossoughi,Unit 112,PLAY,0:01:06,0:01:46,0:37:37,0:38:18
Shirin Vossoughi,Unit 113,STILL,0:01:46,0:01:46,0:38:18,0:38:21
Shirin Vossoughi,Unit 114,PLAY,0:01:46,0:01:48,0:38:31,0:38:23
Shirin Vossoughi,Unit 115,FREV,0:01:48,0:00:00,0:38:23,0:38:24
Shirin Vossoughi,Unit 116,STILL,0:00:00,0:00:00,0:38:24,0:39:04
Shirin Vossoughi,Unit 117,PLAY,0:00:00,0:00:10,0:39:04,0:39:14
Shirin Vossoughi,Unit 118,STILL,0:00:10,0:00:10,0:39:14,0:39:15
Shirin Vossoughi,Unit 119,PLAY,0:00:10,0:00:21,0:39:15,0:39:26
Shirin Vossoughi,Unit 120,STILL,0:00:21,0:00:21,0:39:26,0:39:27
Shirin Vossoughi,Unit 121,PLAY,0:00:21,0:00:33,0:39:27,0:39:41
Shirin Vossoughi,Unit 122,STILL,0:00:33,0:00:33,0:39:41,0:39:53
Shirin Vossoughi,Unit 123,PLAY,0:00:33,0:01:05,0:39:53,0:40:26
Shirin Vossoughi,Unit 124,JREV,0:01:05,0:00:39,0:40:26,0:40:27
Shirin Vossoughi,Unit 125,FREV,0:00:39,0:00:36,0:40:27,0:40:29
Shirin Vossoughi,Unit 126,PLAY,0:00:36,0:01:16,0:40:29,0:41:11
Shirin Vossoughi,Unit 127,STILL,0:01:16,0:01:16,0:41:11,0:41:44
Shirin Vossoughi,Unit 128,PLAY,0:01:16,0:01:47,0:41:44,0:42:16
Shirin Vossoughi,Unit 129,STILL,0:01:47,0:01:47,0:42:16,0:42:27
Shirin Vossoughi,Unit 130,PLAY,0:01:47,0:01:58,0:42:27,0:42:38